[
  {
    "JobTitle": {
      "JobTitle": "Mascot",
      "Salary": 99821
    },
    "Id": 0,
    "FirstName": "Yasmine",
    "LastName": "Baxter",
    "HairColor": "Black",
    "EyeColor": "Brown",
    "Age": 58,
    "Weight": 39.8,
    "Height": 174,
    "Sex": "F"
  },
  {
    "JobTitle": {
      "JobTitle": "Front End Web Developer",
      "Salary": 66408
    },
    "Id": 1,
    "FirstName": "Lyla",
    "LastName": "Humphrey",
    "HairColor": "Black",
    "EyeColor": "CIao",
    "Age": 64,
    "Weight": 65,
    "Height": 127,
    "Sex": "F"
  },
  {
    "JobTitle": {
      "JobTitle": "Business Development Manager",
      "Salary": 71456
    },
    "Id": 2,
    "FirstName": "Samara",
    "LastName": "Humphrey",
    "HairColor": "Black",
    "EyeColor": "Brown",
    "Age": 34,
    "Weight": 37,
    "Height": 145,
    "Sex": "F"
  },
  {
    "JobTitle": {
      "JobTitle": "Skin Care Specialist",
      "Salary": 20545
    },
    "Id": 3,
    "FirstName": "Chaya",
    "LastName": "Mcclure",
    "HairColor": "Black",
    "EyeColor": "Brown",
    "Age": 59,
    "Weight": 32.4,
    "Height": 167,
    "Sex": "F"
  },
  {
    "JobTitle": {
      "JobTitle": "Vice Principal",
      "Salary": 72901
    },
    "Id": 4,
    "FirstName": "Ophelia",
    "LastName": "Nathan",
    "HairColor": "Black",
    "EyeColor": "Brown",
    "Age": 50,
    "Weight": 106,
    "Height": 172,
    "Sex": "F"
  },
  {
    "JobTitle": {
      "JobTitle": "Teacher",
      "Salary": 91588
    },
    "Id": 5,
    "FirstName": "Soham",
    "LastName": "Fitzgerald",
    "HairColor": "Black",
    "EyeColor": "Grey",
    "Age": 48,
    "Weight": 131.6,
    "Height": 177,
    "Sex": "M"
  },
  {
    "JobTitle": {
      "JobTitle": "Service Advisor",
      "Salary": 72532
    },
    "Id": 6,
    "FirstName": "Anastasia",
    "LastName": "Fitzgerald",
    "HairColor": "Black",
    "EyeColor": "Brown",
    "Age": 44,
    "Weight": 99.8,
    "Height": 147,
    "Sex": "F"
  },
  {
    "JobTitle": {
      "JobTitle": "Janitor",
      "Salary": 61437
    },
    "Id": 7,
    "FirstName": "Cataleya",
    "LastName": "Mcintyre",
    "HairColor": "Blond",
    "EyeColor": "Blue",
    "Age": 52,
    "Weight": 56.8,
    "Height": 172,
    "Sex": "F"
  },
  {
    "JobTitle": {
      "JobTitle": "Office Clerk",
      "Salary": 41332
    },
    "Id": 8,
    "FirstName": "Andi",
    "LastName": "Wells",
    "HairColor": "Brown",
    "EyeColor": "Amber",
    "Age": 42,
    "Weight": 27.6,
    "Height": 148,
    "Sex": "F"
  },
  {
    "JobTitle": {
      "JobTitle": "Writer",
      "Salary": 63392
    },
    "Id": 9,
    "FirstName": "Genevieve",
    "LastName": "Cruz",
    "HairColor": "Leverpostej",
    "EyeColor": "Brown",
    "Age": 46,
    "Weight": 102.5,
    "Height": 164,
    "Sex": "F"
  },
  {
    "JobTitle": {
      "JobTitle": "Casino Host",
      "Salary": 35445
    },
    "Id": 10,
    "FirstName": "Lester",
    "LastName": "Cruz",
    "HairColor": "White",
    "EyeColor": "Amber",
    "Age": 39,
    "Weight": 126.2,
    "Height": 179,
    "Sex": "M"
  },
  {
    "JobTitle": {
      "JobTitle": "Nurse",
      "Salary": 36813
    },
    "Id": 11,
    "FirstName": "Zahra",
    "LastName": "Salt",
    "HairColor": "Brown",
    "EyeColor": "Grey",
    "Age": 32,
    "Weight": 124.2,
    "Height": 174,
    "Sex": "F"
  },
  {
    "JobTitle": {
      "JobTitle": "Web Administrator",
      "Salary": 44759
    },
    "Id": 12,
    "FirstName": "Zavier",
    "LastName": "Huffman",
    "HairColor": "Black",
    "EyeColor": "Brown",
    "Age": 59,
    "Weight": 54.4,
    "Height": 166,
    "Sex": "M"
  },
  {
    "JobTitle": {
      "JobTitle": "Science Teacher",
      "Salary": 55346
    },
    "Id": 13,
    "FirstName": "Arley",
    "LastName": "Vaughn",
    "HairColor": "Black",
    "EyeColor": "Brown",
    "Age": 33,
    "Weight": 55.4,
    "Height": 171,
    "Sex": "M"
  },
  {
    "JobTitle": {
      "JobTitle": "Call Center Agent",
      "Salary": 20308
    },
    "Id": 14,
    "FirstName": "Isiah",
    "LastName": "Esparza",
    "HairColor": "Brown",
    "EyeColor": "Brown",
    "Age": 44,
    "Weight": 81.8,
    "Height": 172,
    "Sex": "M"
  },
  {
    "JobTitle": {
      "JobTitle": "Engineer",
      "Salary": 10000
    },
    "Id": 25,
    "FirstName": "Nicola",
    "LastName": "Santolni",
    "HairColor": "brow",
    "EyeColor": "brown",
    "Age": 20,
    "Weight": 70,
    "Height": 176,
    "Sex": "M"
  }
]